<?xml version="1.0" encoding="UTF-8"?>
<project-private xmlns="http://www.netbeans.org/ns/project-private/1">
    <editor-bookmarks xmlns="http://www.netbeans.org/ns/editor-bookmarks/2" lastBookmarkId="0"/>
    <open-files xmlns="http://www.netbeans.org/ns/projectui-open-files/2">
        <group>
            <file>file:/C:/Users/lucas-gabreil_silva/Documents/GitHub/projetinhosSenas/AI%20PSII%202024/Desenvolvimento%20de%20Sistemas/Gerson/Interface%20Gráfica/AppCadMenuDAO/src/view/FormMain.java</file>
            <file>file:/C:/Users/lucas-gabreil_silva/Documents/GitHub/projetinhosSenas/AI%20PSII%202024/Desenvolvimento%20de%20Sistemas/Gerson/Interface%20Gráfica/AppCadMenuDAO/src/view/FormCliente.java</file>
            <file>file:/C:/Users/lucas-gabreil_silva/Documents/GitHub/projetinhosSenas/AI%20PSII%202024/Desenvolvimento%20de%20Sistemas/Gerson/Interface%20Gráfica/AppCadMenuDAO/src/dao/DBManeger.java</file>
            <file>file:/C:/Users/lucas-gabreil_silva/Documents/GitHub/projetinhosSenas/AI%20PSII%202024/Desenvolvimento%20de%20Sistemas/Gerson/Interface%20Gráfica/AppCadMenuDAO/src/view/FormProduto.java</file>
            <file>file:/C:/Users/lucas-gabreil_silva/Documents/GitHub/projetinhosSenas/AI%20PSII%202024/Desenvolvimento%20de%20Sistemas/Gerson/Interface%20Gráfica/AppCadMenuDAO/src/view/FormFornecedor.java</file>
        </group>
    </open-files>
</project-private>
